UseType,Knowledge Version,kwebsitepage: ID,kwebsitepage: kwebsitepage Name,Contact
view,KV-0095,a0SB00000012JpS,SITE-0054,U1
view,KV-0035,a0SB00000011kyL,SITE-0016,U1
view,KV-0051,a0SB00000011kyL,SITE-0016,U1
view,KV-0051,a0SB00000011kyL,SITE-0016,U1
upvote,KV-0051,a0SB00000011kyL,SITE-0016,U1
view,KV-0017,a0SB00000011kyL,SITE-0016,U1
view,KV-0035,a0SB00000011kyL,SITE-0016,U1
upvote,KV-0099,a0SB000000001dY,SITE-0128,U1
view,KV-0099,a0SB000000001dY,SITE-0128,U1
view,KV-0095,a0SB00000012JpS,SITE-0054,U1
upvote,KV-0099,a0SB000000001dY,SITE-0128,U1
view,KV-0040,a0SB00000011jBk,SITE-0011,U1
view,KV-0040,a0SB00000012lXp,SITE-0101,U1
view,KV-0034,a0SB00000011jBk,SITE-0011,U1
view,KV-0051,a0SB00000011kyL,SITE-0016,U1
upvote,KV-0051,a0SB00000011kyL,SITE-0016,U1
downvote,KV-0034,a0SB00000011kyL,SITE-0016,U1
view,KV-0051,a0SB00000011kyL,SITE-0016,U1
view,KV-0034,a0SB00000011kyL,SITE-0016,U1
upvote,KV-0039,a0SB00000011kyL,SITE-0016,U1
upvote,KV-0035,a0SB00000011kyL,SITE-0016,U1
view,KV-0002,a0SB00000011jBk,SITE-0011,U1
view,KV-0002,a0SB00000011jBk,SITE-0011,U1
upvote,KV-0034,a0SB00000011kyL,SITE-0016,U1
view,KV-0034,a0SB00000011jBk,SITE-0011,U1
upvote,KV-0034,a0SB00000011jBk,SITE-0011,U1
view,KV-0040,a0SB00000012lSL,SITE-0082,U1
upvote,KV-0051,a0SB00000011kyL,SITE-0016,U1
view,KV-0051,a0SB00000011kyL,SITE-0016,U1
downvote,KV-0039,a0SB00000011kyL,SITE-0016,U1
upvote,KV-0038,a0SB00000012lVy,SITE-0090,U1
view,KV-0046,a0SB00000012lVy,SITE-0090,U1
view,KV-0022,a0SB00000012lSB,SITE-0081,U1
view,KV-0034,a0SB00000011jBk,SITE-0011,U1
view,KV-0017,a0SB00000011kyL,SITE-0016,U1
view,KV-0002,a0SB00000011jBk,SITE-0011,U1
view,KV-0002,a0SB00000011jBk,SITE-0011,U1
downvote,KV-0034,a0SB00000011jBk,SITE-0011,U1
upvote,KV-0040,a0SB00000012lJx,SITE-0072,U1
view,KV-0040,a0SB00000012lXp,SITE-0101,U1
upvote,KV-0039,a0SB00000011kyL,SITE-0016,U1
view,KV-0007,a0SB00000011kyL,SITE-0016,U1
view,KV-0051,a0SB00000011kyL,SITE-0016,U1
view,KV-0034,a0SB00000011jBk,SITE-0011,U1
view,KV-0034,a0SB00000011jBk,SITE-0011,U1
view,KV-0035,a0SB00000011kyL,SITE-0016,U1
view,KV-0038,a0SB00000012lVy,SITE-0090,U1
view,KV-0002,a0SB00000012lSB,SITE-0081,U1
upvote,KV-0002,a0SB00000012lSB,SITE-0081,U1
upvote,KV-0039,a0SB00000011kyL,SITE-0016,U1
downvote,KV-0007,a0SB00000011kyL,SITE-0016,U1
view,KV-0039,a0SB00000011kyL,SITE-0016,U1
upvote,KV-0002,a0SB00000011jBk,SITE-0011,U1
upvote,KV-0040,a0SB00000011jBk,SITE-0011,U1
view,KV-0034,a0SB00000011l07,SITE-0023,U1
view,KV-0039,a0SB00000011jBk,SITE-0011,U1
upvote,KV-0039,a0SB00000011jBk,SITE-0011,U1
view,KV-0051,a0SB00000011kyL,SITE-0016,U1
view,KV-0039,a0SB00000011l07,SITE-0023,U1
view,KV-0034,a0SB00000011kyL,SITE-0016,U1
view,KV-0034,a0SB00000011jBk,SITE-0011,U1
view,KV-0051,a0SB00000011kyL,SITE-0016,U1
view,KV-0035,a0SB00000011kyL,SITE-0016,U1
view,KV-0039,a0SB00000011kyL,SITE-0016,U1
view,KV-0034,a0SB00000011jBk,SITE-0011,U1
view,KV-0002,a0SB00000011jBk,SITE-0011,U1
view,KV-0034,a0SB00000011jBk,SITE-0011,U1
downvote,KV-0040,a0SB00000012lSL,SITE-0082,U1
downvote,KV-0039,a0SB00000011kyL,SITE-0016,U1
view,KV-0051,a0SB00000011kyL,SITE-0016,U1
view,KV-0039,a0SB00000011kyL,SITE-0016,U1
view,KV-0034,a0SB00000011kyR,SITE-0018,U1
view,KV-0040,a0SB00000012lXp,SITE-0101,U1
view,KV-0040,a0SB00000012lXp,SITE-0101,U1
upvote,KV-0034,a0SB00000011jBk,SITE-0011,U1
view,KV-0040,a0SB00000012lJx,SITE-0072,U1
view,KV-0002,a0SB00000011jBk,SITE-0011,U1
view,KV-0040,a0SB00000012lXp,SITE-0101,U1
view,KV-0036,a0SB00000012lXp,SITE-0101,U1
view,KV-0039,a0SB00000011kyL,SITE-0016,U1
view,KV-0039,a0SB00000011jBk,SITE-0011,U1
view,KV-0051,a0SB00000011kyL,SITE-0016,U1
view,KV-0007,a0SB00000011kyL,SITE-0016,U1
view,KV-0034,a0SB00000011jBk,SITE-0011,U1
view,KV-0034,a0SB00000011jBk,SITE-0011,U1
upvote,KV-0051,a0SB00000011kyL,SITE-0016,U1
upvote,KV-0034,a0SB00000011kyR,SITE-0018,U1
upvote,KV-0007,a0SB00000011kyL,SITE-0016,U1
view,KV-0034,a0SB00000011kyL,SITE-0016,U1
view,KV-0002,a0SB00000011jBk,SITE-0011,U1
view,KV-0034,a0SB00000011kyL,SITE-0016,U1
view,KV-0034,a0SB00000011kyL,SITE-0016,U1
view,KV-0007,a0SB00000011kyL,SITE-0016,U1
view,KV-0051,a0SB00000011kyL,SITE-0016,U1
view,KV-0035,a0SB00000011kyL,SITE-0016,U2
upvote,KV-0099,a0SB000000001dY,SITE-0128,U2
view,KV-0099,a0SB000000001dY,SITE-0128,U2
view,KV-0095,a0SB00000012JpS,SITE-0054,U2
upvote,KV-0099,a0SB000000001dY,SITE-0128,U2
view,KV-0040,a0SB00000011jBk,SITE-0011,U2
view,KV-0040,a0SB00000012lXp,SITE-0101,U2
view,KV-0034,a0SB00000011jBk,SITE-0011,U2
view,KV-0051,a0SB00000011kyL,SITE-0016,U2
upvote,KV-0051,a0SB00000011kyL,SITE-0016,U2
downvote,KV-0034,a0SB00000011kyL,SITE-0016,U2
view,KV-0051,a0SB00000011kyL,SITE-0016,U2
view,KV-0034,a0SB00000011kyL,SITE-0016,U2
upvote,KV-0039,a0SB00000011kyL,SITE-0016,U2
upvote,KV-0035,a0SB00000011kyL,SITE-0016,U2
view,KV-0002,a0SB00000011jBk,SITE-0011,U2
view,KV-0002,a0SB00000011jBk,SITE-0011,U2
upvote,KV-0034,a0SB00000011kyL,SITE-0016,U2
view,KV-0034,a0SB00000011jBk,SITE-0011,U2
upvote,KV-0034,a0SB00000011jBk,SITE-0011,U2
view,KV-0040,a0SB00000012lSL,SITE-0082,U2
upvote,KV-0051,a0SB00000011kyL,SITE-0016,U2
view,KV-0051,a0SB00000011kyL,SITE-0016,U2
downvote,KV-0039,a0SB00000011kyL,SITE-0016,U2
upvote,KV-0038,a0SB00000012lVy,SITE-0090,U2
view,KV-0046,a0SB00000012lVy,SITE-0090,U2
view,KV-0022,a0SB00000012lSB,SITE-0081,U2
view,KV-0034,a0SB00000011jBk,SITE-0011,U2
view,KV-0017,a0SB00000011kyL,SITE-0016,U2
view,KV-0002,a0SB00000011jBk,SITE-0011,U2
view,KV-0002,a0SB00000011jBk,SITE-0011,U2
downvote,KV-0034,a0SB00000011jBk,SITE-0011,U2
upvote,KV-0040,a0SB00000012lJx,SITE-0072,U2
view,KV-0040,a0SB00000012lXp,SITE-0101,U2
upvote,KV-0039,a0SB00000011kyL,SITE-0016,U2
view,KV-0007,a0SB00000011kyL,SITE-0016,U2
view,KV-0051,a0SB00000011kyL,SITE-0016,U2
view,KV-0034,a0SB00000011jBk,SITE-0011,U2
view,KV-0034,a0SB00000011jBk,SITE-0011,U2
view,KV-0035,a0SB00000011kyL,SITE-0016,U2
view,KV-0038,a0SB00000012lVy,SITE-0090,U2
view,KV-0002,a0SB00000012lSB,SITE-0081,U2
upvote,KV-0002,a0SB00000012lSB,SITE-0081,U2
upvote,KV-0039,a0SB00000011kyL,SITE-0016,U2
downvote,KV-0007,a0SB00000011kyL,SITE-0016,U2
view,KV-0039,a0SB00000011kyL,SITE-0016,U2
upvote,KV-0002,a0SB00000011jBk,SITE-0011,U2
upvote,KV-0040,a0SB00000011jBk,SITE-0011,U2
view,KV-0034,a0SB00000011l07,SITE-0023,U2
view,KV-0039,a0SB00000011jBk,SITE-0011,U2
upvote,KV-0039,a0SB00000011jBk,SITE-0011,U2
view,KV-0051,a0SB00000011kyL,SITE-0016,U2
view,KV-0039,a0SB00000011l07,SITE-0023,U2
view,KV-0034,a0SB00000011kyL,SITE-0016,U2
view,KV-0034,a0SB00000011jBk,SITE-0011,U2
view,KV-0051,a0SB00000011kyL,SITE-0016,U2
view,KV-0035,a0SB00000011kyL,SITE-0016,U2
view,KV-0039,a0SB00000011kyL,SITE-0016,U2
view,KV-0034,a0SB00000011jBk,SITE-0011,U2
view,KV-0002,a0SB00000011jBk,SITE-0011,U2
view,KV-0034,a0SB00000011jBk,SITE-0011,U2
downvote,KV-0040,a0SB00000012lSL,SITE-0082,U2
downvote,KV-0039,a0SB00000011kyL,SITE-0016,U2
view,KV-0051,a0SB00000011kyL,SITE-0016,U2
view,KV-0039,a0SB00000011kyL,SITE-0016,U2
view,KV-0034,a0SB00000011kyR,SITE-0018,U2
view,KV-0040,a0SB00000012lXp,SITE-0101,U2
view,KV-0040,a0SB00000012lXp,SITE-0101,U2
upvote,KV-0034,a0SB00000011jBk,SITE-0011,U2
view,KV-0040,a0SB00000012lJx,SITE-0072,U2
view,KV-0002,a0SB00000011jBk,SITE-0011,U2
view,KV-0040,a0SB00000012lXp,SITE-0101,U2
view,KV-0036,a0SB00000012lXp,SITE-0101,U2
view,KV-0039,a0SB00000011kyL,SITE-0016,U2
view,KV-0039,a0SB00000011jBk,SITE-0011,U2
view,KV-0051,a0SB00000011kyL,SITE-0016,U2
view,KV-0007,a0SB00000011kyL,SITE-0016,U2
view,KV-0034,a0SB00000011jBk,SITE-0011,U2
view,KV-0034,a0SB00000011jBk,SITE-0011,U2
upvote,KV-0051,a0SB00000011kyL,SITE-0016,U2
upvote,KV-0034,a0SB00000011kyR,SITE-0018,U2
upvote,KV-0007,a0SB00000011kyL,SITE-0016,U2
view,KV-0034,a0SB00000011kyL,SITE-0016,U2
view,KV-0002,a0SB00000011jBk,SITE-0011,U2
view,KV-0034,a0SB00000011kyL,SITE-0016,U2
view,KV-0034,a0SB00000011kyL,SITE-0016,U2
view,KV-0007,a0SB00000011kyL,SITE-0016,U2
view,KV-0051,a0SB00000011kyL,SITE-0016,U2
view,KV-0036,a0SB00000012lXp,SITE-0101,U3
view,KV-0039,a0SB00000011kyL,SITE-0016,U3
view,KV-0039,a0SB00000011jBk,SITE-0011,U3
view,KV-0051,a0SB00000011kyL,SITE-0016,U3
view,KV-0007,a0SB00000011kyL,SITE-0016,U3
view,KV-0034,a0SB00000011jBk,SITE-0011,U3
view,KV-0034,a0SB00000011jBk,SITE-0011,U3
upvote,KV-0051,a0SB00000011kyL,SITE-0016,U3
upvote,KV-0034,a0SB00000011kyR,SITE-0018,U3
upvote,KV-0007,a0SB00000011kyL,SITE-0016,U3
view,KV-0034,a0SB00000011kyL,SITE-0016,U3
view,KV-0002,a0SB00000011jBk,SITE-0011,U3
view,KV-0034,a0SB00000011kyL,SITE-0016,U3
view,KV-0034,a0SB00000011kyL,SITE-0016,U3
view,KV-0007,a0SB00000011kyL,SITE-0016,U3
view,KV-0051,a0SB00000011kyL,SITE-0016,U3